Pregnancies,Glucose,BloodPressure,SkinThickness,Insulin,BMI,DiabetesPedigreeFunction,Age,Outcome
2,82,79,0,150,30.3,0.706,30,1
3,90,83,10,114,18.2,0.22,51,0
8,175,0,19,201,27.5,0.329,29,1
4,199,89,11,0,27.7,0.535,37,1
3,178,77,21,49,31.6,0.286,43,0
4,99,71,0,44,24.6,0.103,30,0
3,147,66,0,0,23.6,0.323,26,0
5,64,80,30,54,27.0,0.369,40,0
6,111,70,55,0,33.7,0.353,75,1
4,82,63,27,27,24.3,0.455,21,0
6,95,48,10,0,38.2,0.506,27,1
2,123,69,0,0,29.9,0.527,31,0
4,114,46,23,0,35.0,0.233,36,0
5,124,40,7,0,32.7,1.311,34,0
4,133,97,24,124,25.6,0.775,60,1
2,135,58,36,0,26.8,0.182,21,0
4,109,76,37,0,33.6,0.443,33,1
5,125,73,0,85,25.5,0.543,27,0
4,106,72,42,0,38.1,0.322,48,1
3,128,69,38,94,32.8,0.651,23,0
2,126,51,27,0,48.2,0.501,38,1
5,135,80,0,0,34.9,0.148,51,1
3,59,82,29,88,26.4,1.048,34,0
6,86,59,14,0,32.6,0.245,21,0
2,139,52,26,0,35.9,1.117,25,0
0,92,62,0,0,41.7,0.682,22,0
5,164,61,0,20,39.8,1.041,31,1
8,145,67,29,0,42.1,0.551,40,1
1,137,71,25,14,38.5,0.258,26,0
3,140,74,0,0,35.3,0.653,35,0
3,67,79,21,0,37.0,0.378,37,0
6,127,62,0,0,27.3,0.288,28,0
5,124,69,20,130,28.1,0.432,28,0
3,82,72,18,0,34.3,0.178,21,0
2,102,71,24,62,24.8,0.29,37,0
1,70,59,12,39,30.8,0.468,27,0
5,156,84,0,111,34.2,0.999,25,1
3,86,65,0,0,28.4,0.789,22,0
9,139,78,18,50,32.5,0.811,60,1
2,119,81,14,153,28.3,0.138,25,0
4,120,82,11,107,37.0,0.447,27,0
4,112,78,10,14,27.3,0.491,21,0
1,121,79,21,0,37.0,0.307,30,0
6,99,66,0,166,47.7,1.073,40,1
2,92,56,12,0,27.6,0.461,50,0
2,77,77,7,0,31.1,0.162,22,0
1,181,67,18,0,36.0,0.404,26,0
5,129,77,0,117,0.0,0.391,21,0
2,111,0,7,34,36.7,0.155,21,0
3,121,71,22,16,34.2,0.647,24,0
8,138,71,23,47,46.6,0.509,25,1
6,130,51,0,0,24.4,0.613,29,1
3,111,60,19,0,23.8,0.392,24,0
1,69,89,0,0,28.5,0.391,29,0
6,109,66,0,0,37.4,0.8,33,1
1,147,73,0,0,37.1,0.341,23,0
1,74,68,0,65,33.9,0.308,31,0
5,136,47,9,0,23.2,0.613,27,0
5,126,78,0,128,47.0,0.168,45,1
4,131,66,7,0,28.2,0.287,24,0
5,165,93,42,130,26.2,0.182,46,1
3,96,79,34,120,39.1,0.379,25,1
8,122,63,38,0,28.8,0.781,29,1
2,87,50,0,0,29.6,0.192,22,0
4,75,66,7,0,39.8,0.292,30,0
2,132,55,11,23,0.0,0.291,32,0
4,96,74,18,91,20.7,0.193,28,0
6,179,82,26,0,29.5,0.854,24,0
0,91,87,0,0,32.8,0.388,22,0
4,107,75,45,30,31.5,0.781,21,0
3,131,73,22,0,25.4,0.298,30,0
5,155,66,16,116,22.9,0.526,38,1
5,199,75,38,178,55.1,1.264,30,1
1,78,68,7,129,30.3,0.26,21,0
2,136,70,38,234,22.9,1.034,26,1
3,127,70,21,14,33.8,0.635,27,0
8,125,71,0,0,42.7,0.57,32,1
3,81,62,7,21,33.1,0.197,40,0
6,134,72,10,0,22.9,0.384,28,1
1,141,64,0,0,37.7,0.66,21,0
2,120,77,7,112,28.8,0.303,44,0
1,89,53,21,69,28.6,0.605,25,0
2,92,51,22,0,28.8,0.295,31,0
0,85,50,7,0,35.3,0.099,25,0
2,137,60,28,50,19.9,0.425,22,0
5,0,69,42,0,44.3,0.326,44,1
3,62,62,0,0,23.9,0.515,23,0
2,110,68,0,67,29.8,0.699,24,0
3,55,68,33,25,32.7,0.215,28,0
4,90,72,0,34,29.1,0.425,35,0
2,133,71,10,131,31.4,0.59,33,0
0,137,66,7,14,20.8,0.255,27,0
1,90,60,19,51,32.4,0.343,30,0
4,115,58,7,0,24.4,0.367,23,0
1,93,61,38,28,29.2,0.453,43,0
3,69,0,0,59,24.8,0.29,21,0
2,112,58,0,122,31.2,0.214,24,0
1,142,60,7,47,38.7,0.435,27,0
4,90,42,0,0,22.5,0.302,31,0
1,115,60,0,0,26.5,0.207,35,0
3,119,91,18,0,27.6,0.673,55,1
2,104,54,0,48,41.2,0.843,21,0
4,141,54,0,0,32.5,0.37,21,0
4,105,55,14,0,32.1,0.766,21,0
5,118,76,24,14,34.5,0.458,25,0
3,136,78,19,203,35.7,0.936,34,1
4,118,83,36,0,29.3,0.641,25,0
6,139,87,44,228,43.9,1.92,59,1
2,120,105,22,99,29.6,0.751,44,1
0,142,64,20,0,37.7,0.492,39,0
3,138,47,31,0,25.8,0.706,43,0
4,156,68,20,20,28.3,0.467,41,1
1,137,79,28,148,45.1,0.436,23,0
5,101,45,10,0,30.8,0.992,30,1
4,77,76,16,14,20.3,0.524,50,0
4,162,94,17,0,30.0,0.241,27,1
2,95,51,0,30,28.5,0.86,25,0
5,70,88,0,0,33.4,0.288,21,0
6,198,70,15,222,28.1,1.099,26,1
8,115,59,22,0,28.2,0.284,41,0
4,106,0,20,0,40.8,0.454,33,0
7,85,56,19,14,26.6,0.246,27,0
1,112,72,10,32,18.2,0.55,25,0
3,146,77,20,0,25.5,0.313,41,0
3,91,0,0,60,28.3,0.275,31,0
7,123,89,14,78,34.7,0.746,38,1
4,145,65,18,331,36.8,0.564,49,1
1,76,59,0,0,33.0,0.48,22,0
0,148,55,22,14,34.2,0.583,31,0
4,152,81,14,0,40.7,0.226,26,1
3,62,76,10,105,37.8,0.786,34,0
0,94,0,0,0,29.5,1.451,23,0
5,120,76,7,28,39.6,0.582,30,0
5,146,64,0,58,25.9,0.532,38,1
6,114,74,10,0,27.3,0.463,29,1
3,157,79,10,145,0.0,0.26,38,1
5,117,65,0,172,47.4,0.282,51,1
5,98,77,34,230,52.5,0.762,27,1
2,155,92,31,0,32.1,0.504,26,1
7,167,90,0,278,29.3,0.571,25,1
2,126,91,16,14,33.3,0.274,22,0
4,155,65,0,0,36.9,0.447,26,1
1,78,87,23,40,40.4,0.391,22,0
4,100,0,39,0,19.5,0.297,21,0
3,78,69,0,111,31.9,0.456,35,1
0,100,79,0,79,31.1,0.49,25,0
1,125,69,0,0,21.9,0.497,31,0
3,105,61,8,0,32.5,1.141,46,0
4,121,74,28,125,43.1,0.201,47,1
0,114,0,29,128,34.6,0.274,31,0
5,157,87,13,0,40.7,0.276,25,1
1,107,74,0,0,26.6,0.274,26,0
3,123,42,17,0,31.1,0.282,35,0
3,145,0,30,106,26.0,0.393,34,0
1,113,77,11,0,32.7,0.321,25,0
2,139,67,33,35,51.7,1.075,48,1
1,123,77,0,151,30.8,0.737,31,0
2,150,72,0,0,28.7,0.291,22,0
5,125,42,23,87,26.8,0.445,27,0
2,104,69,0,0,28.3,0.504,27,0
3,132,83,11,0,33.8,0.623,32,1
3,120,64,15,0,34.0,0.27,28,0
4,128,75,0,0,22.9,0.257,35,1
3,122,59,14,0,26.7,1.313,22,0
3,93,76,32,61,34.2,0.284,21,0
3,110,78,0,0,29.9,0.227,33,0
0,104,68,13,97,30.0,0.397,23,0
4,97,84,18,83,36.9,0.215,64,0
1,93,69,12,14,29.1,0.526,30,0
2,100,80,0,0,29.4,0.505,23,0
5,86,61,31,44,27.6,1.036,23,0
2,123,56,0,0,30.9,0.431,35,0
3,131,84,0,0,32.5,0.339,41,0
3,162,80,26,0,25.1,0.49,44,1
0,136,67,22,79,37.8,0.618,27,0
4,181,52,21,174,42.5,0.421,27,1
2,115,49,35,51,23.7,0.371,24,0
4,132,56,0,0,34.7,0.302,44,1
0,76,74,0,43,34.8,0.51,39,0
1,98,72,0,0,34.8,0.779,21,0
1,104,48,0,14,28.0,0.561,29,0
5,131,94,25,0,37.7,0.552,31,1
5,109,45,11,83,26.2,1.621,38,1
5,101,71,0,0,48.1,0.762,32,1
3,108,82,27,0,39.2,0.416,38,0
2,116,65,12,0,33.1,0.288,28,0
0,116,76,0,96,20.8,0.219,30,0
5,123,65,12,0,43.3,0.259,62,1
3,164,50,21,0,36.3,0.485,23,0
4,124,80,26,0,48.6,0.538,62,1
2,133,55,10,0,35.1,0.336,21,0
4,171,68,29,70,31.3,0.634,25,1
2,90,59,0,48,30.7,0.217,29,0
3,140,55,30,82,32.9,0.458,37,0
3,113,56,20,99,0.0,0.408,31,0
4,120,0,7,99,28.6,0.611,21,0
3,116,48,27,0,24.9,0.579,21,0
4,107,0,11,0,23.5,1.095,28,1
3,129,78,11,83,32.2,0.311,21,0
3,63,49,8,64,38.7,0.425,22,0
4,172,76,21,128,32.2,0.624,29,1
4,141,78,0,0,33.1,0.18,45,1
7,147,63,0,226,42.5,0.417,36,1
1,126,64,17,0,24.0,0.327,47,0
1,105,79,14,0,36.1,1.208,27,0
4,160,92,38,76,36.8,0.472,44,1
1,103,52,13,14,26.7,0.411,23,0
6,55,68,24,0,24.0,0.172,32,0
2,130,59,15,0,23.2,0.522,21,0
3,151,64,0,52,24.6,0.687,24,0
5,174,66,17,168,44.2,0.351,57,1
4,78,88,0,110,26.6,0.934,29,1
4,137,82,0,0,33.2,0.423,29,1
4,183,56,15,0,22.9,0.532,28,1
2,107,73,14,0,33.3,0.649,27,0
2,94,77,12,0,25.9,0.184,25,0
2,126,88,13,0,27.5,0.298,55,0
3,128,80,42,0,32.1,0.964,25,0
4,91,53,7,88,32.2,0.281,40,0
1,131,93,27,14,28.4,0.573,30,0
2,84,0,26,84,30.6,0.349,24,0
5,65,55,0,0,0.0,0.348,25,0
2,93,69,0,145,33.9,0.736,35,0
3,118,72,0,167,30.2,0.168,21,0
6,109,82,22,40,34.9,0.499,36,1
4,122,66,13,0,27.8,0.493,48,1
4,142,61,27,0,38.1,0.31,34,1
0,170,62,7,0,29.1,0.327,42,0
4,166,87,15,209,22.9,0.688,35,1
3,74,86,0,0,27.7,0.166,23,0
1,115,66,7,0,33.9,0.269,28,0
1,87,54,31,0,28.2,0.566,21,0
2,71,76,36,114,22.3,0.227,56,0
0,0,0,13,0,23.4,0.299,44,0
8,143,71,12,112,27.2,0.416,29,1
5,121,85,0,0,25.6,0.26,26,0
3,172,90,32,0,31.4,0.185,37,1
3,123,57,10,29,23.9,0.205,53,0
2,143,65,29,0,28.5,0.575,29,0
2,116,81,0,23,21.7,0.317,32,0
7,199,95,0,0,35.3,0.411,28,1
3,93,54,0,0,34.1,0.625,21,0
0,94,55,0,63,27.9,0.358,24,0
6,130,72,0,61,30.9,0.529,29,1
8,157,81,0,0,36.7,0.751,27,1
1,56,77,32,23,34.7,0.794,21,0
5,73,68,0,69,27.5,0.655,21,0
5,132,89,0,0,31.0,1.005,27,1
6,161,65,10,180,33.3,0.65,58,1
1,104,61,0,44,26.5,0.637,21,0
1,131,0,20,145,39.6,0.62,22,0
5,72,69,0,0,31.6,0.269,46,0
6,169,76,13,0,29.4,0.63,30,1
4,129,57,53,0,37.1,0.728,31,1
7,91,69,11,0,31.4,0.209,53,0
0,109,62,14,0,36.0,0.165,25,0
5,62,81,0,14,22.4,0.654,35,0
5,0,68,10,0,41.5,1.554,34,1
3,184,75,0,0,45.6,0.594,45,1
4,175,80,12,0,27.4,0.49,26,1
1,121,84,16,0,23.1,0.346,51,0
3,115,78,0,119,44.0,0.232,30,1
3,106,85,7,145,24.2,0.446,32,0
8,92,70,34,136,29.9,0.538,32,1
0,106,75,8,125,32.2,0.272,22,0
2,139,56,0,0,28.3,1.018,28,0
3,69,64,36,128,24.0,0.685,54,0
4,175,60,10,0,29.3,1.003,38,1
5,140,72,0,0,33.2,0.353,33,0
3,76,66,0,0,23.1,0.32,21,0
6,133,75,41,0,26.1,0.373,28,1
2,151,0,0,0,43.6,0.154,44,0
1,73,54,14,134,21.8,0.346,31,0
4,157,75,0,0,35.3,0.367,31,1
1,157,89,17,0,29.9,0.157,35,0
1,118,0,21,14,25.9,0.706,22,0
2,143,66,43,89,30.1,0.499,27,0
2,67,71,0,42,31.5,0.575,24,0
2,102,70,17,27,0.0,0.82,29,0
5,157,66,42,162,26.3,1.184,29,1
3,103,62,29,0,35.0,0.541,27,1
5,99,59,25,0,36.1,0.804,30,1
5,155,81,20,128,31.9,0.405,56,0
1,104,76,0,38,19.5,0.205,45,0
1,0,62,32,0,27.4,0.537,21,0
2,95,57,0,36,31.2,0.413,23,0
3,195,65,22,0,35.5,0.533,36,1
3,199,66,0,0,26.6,0.606,40,1
4,84,74,32,74,22.9,0.57,32,0
6,109,69,25,15,27.5,0.118,48,0
4,166,45,18,20,40.9,0.231,26,1
5,140,88,0,0,28.3,0.844,33,1
2,79,0,24,0,35.4,0.111,25,0
1,139,76,0,0,49.1,0.619,27,1
6,123,90,17,0,37.9,0.304,27,1
0,136,60,0,0,25.3,0.283,32,0
4,117,77,0,20,47.8,0.305,37,1
4,91,68,0,0,25.9,0.499,21,0
1,110,74,20,0,30.4,0.171,23,0
4,146,57,0,127,29.7,0.385,55,0
2,110,66,0,0,31.8,0.706,48,0
6,79,64,15,0,33.2,0.51,34,0
3,135,0,16,0,27.1,0.334,25,0
0,105,75,24,38,26.0,0.478,44,0
2,109,72,44,0,29.2,0.403,63,0
5,143,64,24,0,36.3,0.365,44,1
1,130,72,8,56,29.3,0.391,22,0
4,68,73,13,19,28.8,0.527,44,0
2,107,0,17,61,27.8,0.195,26,0
4,81,77,14,0,29.5,0.444,33,0
3,106,73,37,0,28.6,0.163,40,0
1,169,89,0,0,23.8,0.919,24,0
2,115,74,10,0,33.9,0.521,29,0
4,142,84,32,0,33.3,1.611,68,1
5,138,71,17,0,41.9,0.369,31,1
3,100,88,10,123,45.7,0.489,30,1
0,110,76,11,0,33.5,0.375,21,0
7,138,86,18,47,37.9,0.39,25,1
3,138,67,44,67,25.3,0.937,43,0
2,174,65,27,0,29.6,0.369,33,1
3,90,60,0,63,0.0,0.815,29,0
3,89,54,23,48,26.7,0.415,21,0
6,114,77,9,24,24.1,0.639,21,0
6,127,84,36,20,31.7,0.512,35,1
2,128,40,14,33,32.2,0.379,29,0
8,126,47,22,14,30.0,0.412,23,0
4,160,78,26,0,28.3,0.427,27,1
1,85,62,7,76,26.9,0.554,25,0
2,122,70,12,14,23.4,0.43,27,0
1,64,77,13,0,24.9,0.302,34,0
2,124,51,12,132,33.9,0.391,21,0
2,110,58,7,0,28.4,0.323,31,0
3,149,70,33,0,27.4,0.125,21,0
2,180,79,0,0,30.8,0.171,33,1
1,180,81,15,103,23.7,0.508,28,0
0,133,65,7,104,20.5,0.411,37,0
3,105,70,12,0,27.2,0.128,24,0
2,132,59,34,42,34.9,0.422,42,0
5,142,59,31,0,36.4,1.107,25,1
2,91,60,17,0,25.4,0.422,23,0
1,80,70,30,0,27.8,0.606,26,0
4,181,59,10,0,41.2,0.736,26,1
2,134,79,0,110,27.2,0.47,29,0
2,105,63,0,0,33.0,0.418,31,0
4,126,61,8,106,28.2,0.406,25,0
3,152,73,0,205,31.3,0.888,29,1
1,90,79,0,0,0.0,0.456,23,0
4,126,54,18,62,34.8,1.483,75,1
0,109,67,27,0,35.3,0.431,21,0
0,134,73,21,102,23.7,0.248,33,0
3,157,71,34,192,0.0,2.319,41,1
0,106,58,31,85,31.7,0.265,37,0
1,112,76,18,0,36.6,0.705,43,0
1,171,0,0,20,35.3,0.339,30,1
6,167,58,16,144,22.9,0.499,25,1
9,198,63,18,184,36.2,0.281,41,1
2,118,71,10,140,29.4,0.636,28,0
6,100,52,17,75,37.4,0.337,22,0
2,177,80,0,0,37.5,0.976,32,1
1,150,64,0,118,25.0,0.344,24,0
1,99,79,0,0,31.7,0.449,28,0
5,185,73,14,0,40.2,0.234,25,1
2,141,67,16,20,38.0,0.569,27,1
7,117,0,37,0,32.0,0.569,75,1
2,79,68,0,61,27.7,0.956,25,0
6,140,77,0,44,29.0,0.207,26,1
4,106,79,0,74,20.6,0.177,24,0
3,72,70,0,156,38.6,0.367,26,0
3,114,89,7,0,38.4,0.232,36,0
2,112,52,15,0,31.7,0.254,24,0
1,115,81,18,39,29.9,0.19,30,0
0,107,67,30,0,26.6,0.715,21,0
5,123,65,20,182,47.6,0.84,36,1
2,114,73,0,0,26.8,0.941,67,0
3,104,43,7,0,37.2,0.411,25,0
6,171,90,10,89,42.4,0.525,35,1
6,144,80,30,0,39.6,1.099,40,1
0,148,47,18,115,35.2,0.775,35,0
2,95,73,0,0,26.4,0.58,24,0
6,171,62,16,0,29.2,0.245,26,1
5,79,79,19,0,42.0,0.326,27,1
2,62,53,17,96,36.7,0.403,21,0
2,87,78,0,173,18.7,0.335,50,0
6,144,62,28,20,26.4,0.313,43,1
9,186,76,0,0,30.6,0.149,43,1
1,94,61,7,0,26.3,0.339,27,0
2,120,88,7,0,27.6,0.326,22,0
3,98,65,0,0,43.2,0.184,33,0
3,110,59,18,14,28.2,0.405,34,0
2,106,52,7,14,28.7,0.169,37,0
9,128,89,0,208,38.8,0.779,51,1
3,87,73,7,64,23.3,0.708,24,0
3,108,66,16,62,32.1,0.272,23,0
5,98,91,10,122,23.1,0.422,31,1
4,97,93,10,0,31.4,0.25,26,1
3,91,71,21,91,20.1,0.268,31,0
7,183,69,14,54,41.5,0.948,31,1
0,129,62,0,104,26.1,0.333,25,0
3,126,82,16,0,34.3,0.178,21,0
6,128,80,30,0,30.5,0.348,39,1
7,146,91,0,56,28.9,0.166,31,1
3,119,60,0,0,24.0,0.322,33,0
2,150,79,13,14,35.4,0.402,22,0
4,98,72,0,164,38.4,0.328,49,1
4,114,68,20,51,32.1,0.413,27,0
4,152,84,36,119,26.0,0.283,27,1
1,56,88,0,0,36.6,0.831,23,0
3,125,69,29,104,36.8,0.954,35,0
2,134,65,7,0,31.8,0.168,23,0
2,102,65,21,0,32.7,0.305,28,0
3,113,47,0,33,30.2,0.317,24,0
2,100,72,0,122,20.9,0.299,28,0
6,126,76,32,0,23.4,0.329,26,1
1,73,65,20,0,37.5,1.002,21,0
3,126,61,17,77,28.6,0.349,67,0
9,182,76,0,50,41.7,0.985,30,1
3,83,55,0,45,31.6,0.292,38,0
3,60,60,28,124,36.4,0.618,21,0
4,95,46,7,0,36.1,0.237,44,0
0,113,0,15,0,18.2,0.405,58,0
4,103,60,36,52,29.0,0.756,21,0
3,105,61,10,14,39.3,0.583,36,0
3,144,66,23,43,22.9,1.013,43,1
5,116,64,18,0,34.1,0.435,29,0
4,122,77,25,14,28.0,0.252,32,0
5,127,85,13,20,30.5,0.196,33,1
3,128,76,7,0,41.1,0.216,47,0
5,114,65,25,55,29.0,0.502,30,0
4,101,97,0,20,29.6,0.693,28,1
3,98,79,19,0,36.6,0.193,24,0
3,106,107,22,0,37.6,0.214,31,1
4,62,74,0,0,36.7,0.386,41,0
7,145,80,17,50,22.9,0.44,27,1
0,134,48,34,83,27.7,0.719,63,0
0,110,70,18,106,34.4,0.512,38,0
1,183,68,16,0,35.0,0.723,61,1
3,55,66,0,181,29.9,0.87,27,0
2,146,81,0,0,39.2,0.39,22,0
1,92,58,27,0,38.2,0.424,28,0
2,105,0,23,0,29.1,0.31,37,0
7,141,78,10,0,27.4,0.615,37,1
5,117,73,0,0,21.8,0.294,23,0
5,116,66,0,0,28.8,0.269,29,0
2,90,63,0,63,29.3,0.386,36,0
1,149,85,0,115,31.9,0.244,23,0
3,141,92,12,24,38.4,0.65,43,1
1,88,80,19,83,20.0,0.18,21,0
3,87,62,0,0,31.1,0.592,43,0
3,55,54,0,177,34.6,0.684,28,0
5,102,48,11,0,33.9,0.326,35,1
3,135,89,25,0,26.4,0.387,31,0
3,118,75,16,0,26.4,0.458,29,0
4,145,83,31,36,25.0,0.531,27,1
4,104,71,20,0,52.3,1.369,27,1
4,187,60,21,20,32.8,1.321,64,1
3,141,93,44,99,31.0,1.107,21,0
1,141,48,30,0,28.6,0.218,41,0
3,181,81,0,0,53.2,0.506,32,1
4,110,81,19,0,29.0,0.579,41,0
2,85,62,32,0,39.1,0.255,35,0
2,116,65,23,0,25.7,0.35,25,0
3,137,64,17,73,29.1,0.982,28,0
4,117,81,10,322,38.5,0.295,31,1
5,132,74,30,0,44.6,0.557,46,1
7,170,93,37,0,35.3,0.401,70,1
4,153,79,35,20,46.4,0.39,30,1
6,134,69,0,141,27.2,1.112,49,1
3,145,78,0,268,38.6,0.652,30,1
5,100,55,22,0,32.1,0.287,22,0
5,169,93,28,323,22.9,0.526,34,1
4,116,74,7,0,32.2,0.383,31,0
2,137,58,19,0,45.5,0.331,63,0
4,129,52,0,235,38.1,0.71,46,1
1,155,79,23,117,24.2,0.348,21,0
2,103,62,13,108,22.5,0.707,24,0
1,109,80,22,0,28.4,0.588,28,0
7,101,73,10,150,40.7,0.608,41,1
7,114,86,19,124,29.8,1.386,28,1
0,92,40,14,0,24.0,0.175,30,0
6,178,51,0,84,38.3,0.411,35,1
4,0,59,10,233,30.8,0.313,27,1
4,99,55,0,58,30.7,0.535,26,0
2,131,70,26,0,37.0,1.023,25,1
0,100,71,0,101,33.9,0.438,30,0
5,97,55,19,0,33.2,0.883,34,0
7,168,58,33,0,41.1,0.817,72,1
3,89,70,9,0,21.6,0.11,21,0
1,103,74,23,89,30.1,0.221,28,0
6,97,71,33,0,28.9,0.396,21,0
3,189,45,22,0,32.4,1.155,63,1
3,67,80,17,53,32.7,0.663,23,0
1,98,74,33,82,36.5,0.387,23,0
3,107,84,17,0,35.8,0.487,28,1
3,130,84,18,29,36.6,0.585,28,0
4,104,82,19,14,24.6,0.926,38,0
1,99,75,0,89,23.5,0.46,55,0
2,55,81,0,67,19.4,0.32,49,0
5,106,68,36,92,27.4,0.446,30,0
1,94,79,0,59,22.2,0.281,22,0
3,81,62,28,0,31.9,0.926,35,0
5,112,69,13,0,23.1,0.672,21,0
4,182,87,41,170,36.4,0.597,30,1
3,123,58,0,82,31.7,0.229,21,0
4,105,66,25,169,28.8,0.308,54,0
1,153,69,18,56,19.7,0.219,22,0
1,122,81,0,77,36.2,0.235,25,0
1,123,60,0,186,31.2,0.37,52,1
2,132,70,37,137,33.6,0.361,22,0
7,144,103,12,187,34.8,0.348,33,1
2,97,58,13,0,24.1,0.257,40,0
4,165,64,0,74,45.8,0.311,34,1
2,140,48,34,0,35.0,0.171,25,0
3,180,74,20,158,33.8,0.785,31,1
4,134,74,10,231,59.1,0.418,45,1
3,170,58,15,0,47.2,0.391,49,1
3,97,90,15,91,34.7,0.453,26,1
4,139,67,19,0,41.2,0.712,28,1
4,78,64,24,0,34.6,1.059,30,1
2,160,77,7,14,41.7,0.671,31,0
6,181,95,0,0,40.7,0.526,26,1
3,111,71,0,0,25.8,0.729,22,0
3,99,61,15,0,37.1,0.247,44,1
7,113,93,10,168,37.3,0.385,33,1
5,147,82,35,0,25.0,0.164,34,1
2,98,60,0,59,27.5,0.578,22,0
1,105,54,19,0,18.4,0.293,57,0
4,136,90,28,0,46.3,0.22,49,1
3,140,62,11,86,24.2,0.439,28,0
4,111,0,25,0,31.9,0.332,36,0
0,114,89,15,74,33.3,0.269,34,0
2,79,66,13,0,27.3,0.453,28,0
4,61,67,32,14,35.1,0.766,43,0
6,87,66,31,94,25.9,0.292,23,0
4,115,71,8,0,24.0,0.467,38,0
6,151,78,0,0,39.9,1.228,49,1
5,96,55,20,149,26.6,0.498,31,0
8,114,64,20,157,38.8,0.619,63,1
4,162,56,44,154,38.9,1.313,25,1
1,164,82,0,26,19.8,0.381,30,0
5,163,54,0,88,30.0,0.762,36,1
3,138,80,18,48,18.2,1.387,24,0
2,75,79,32,0,30.7,0.345,26,0
3,141,49,11,107,33.0,0.196,24,0
3,102,80,18,53,27.7,0.427,31,0
3,144,72,10,0,25.4,0.479,33,1
7,91,97,0,0,39.8,0.93,35,1
7,103,75,25,0,25.1,0.96,35,1
1,81,42,0,0,18.3,0.537,22,0
2,88,0,0,126,37.2,0.266,23,0
5,111,80,26,0,20.2,0.401,30,0
1,77,0,0,0,29.7,0.684,44,0
10,175,57,0,0,33.3,0.481,25,1
4,136,63,31,0,22.9,0.416,54,1
4,135,0,0,0,41.0,0.81,27,1
4,110,60,28,92,26.1,0.227,51,0
4,141,73,18,0,36.0,0.187,27,0
3,104,66,9,61,35.8,0.334,30,0
5,101,78,17,0,31.0,0.725,25,1
4,131,78,21,64,32.2,0.609,26,1
5,131,68,32,133,28.9,0.781,26,1
1,162,90,7,101,32.2,0.301,25,0
2,77,74,14,0,30.3,0.23,29,0
2,99,79,7,0,37.2,0.565,34,0
2,116,77,0,161,34.6,0.642,37,0
3,97,72,25,0,26.9,0.48,22,0
7,129,84,0,75,30.1,0.762,26,1
4,79,64,28,0,33.2,0.288,24,0
5,146,65,17,0,35.8,0.508,69,1
1,136,70,20,0,34.8,0.413,43,0
2,83,58,14,0,28.7,0.375,36,0
1,161,69,0,25,27.5,0.585,25,0
1,110,81,9,114,32.9,0.252,22,0
5,159,69,0,0,38.2,0.669,24,0
4,88,77,0,27,39.7,0.389,41,0
1,134,77,17,111,31.3,0.222,22,0
2,126,74,0,0,33.7,0.779,33,0
2,102,69,18,0,0.0,0.104,26,0
3,118,92,21,0,26.0,0.425,26,0
2,180,98,39,141,29.0,0.307,51,1
0,120,82,38,120,30.9,0.302,28,0
1,96,72,0,119,38.0,0.467,28,0
4,124,72,23,0,27.1,0.443,28,1
7,186,93,0,0,35.0,0.203,42,1
2,99,98,0,0,30.2,0.532,30,1
2,121,48,27,15,29.0,0.325,39,0
4,107,52,16,0,35.7,0.519,35,1
6,105,54,12,20,25.4,0.34,52,1
5,94,85,0,82,34.6,0.669,39,1
5,110,0,10,203,29.2,0.402,35,1
3,76,62,9,0,33.2,0.59,24,0
4,146,46,25,0,27.9,0.312,29,1
7,131,68,25,0,38.6,0.459,28,1
2,145,80,0,110,37.9,0.285,33,0
4,127,94,38,0,29.5,0.581,27,1
1,81,52,0,54,34.2,0.303,64,0
2,85,60,0,0,30.4,0.384,29,0
4,111,60,34,0,36.9,0.263,47,0
1,97,51,0,0,29.9,0.419,29,0
4,168,67,28,0,30.2,0.347,37,1
0,108,81,14,14,18.2,0.388,32,0
0,104,68,7,0,25.6,0.322,27,0
6,135,77,18,0,41.4,0.74,33,1
2,122,59,0,0,28.4,0.322,22,0
0,104,53,0,0,28.8,0.463,24,0
4,169,82,17,91,42.4,0.78,42,1
2,55,78,20,0,37.0,0.382,49,0
6,166,59,8,0,31.3,0.172,29,0
4,102,0,21,0,30.4,0.517,25,0
1,104,55,0,0,33.6,0.634,39,0
2,118,56,0,22,38.9,0.473,34,0
1,67,59,25,92,32.7,0.287,24,0
1,135,62,0,0,23.2,2.42,28,1
3,179,63,10,224,36.1,1.092,46,1
1,124,71,30,0,40.8,1.002,21,0
3,108,71,16,47,27.5,0.567,21,0
3,137,82,23,0,29.1,0.65,31,1
2,119,49,0,123,33.2,0.628,34,1
4,151,80,10,171,44.9,0.2,34,1
3,138,0,11,0,34.9,1.677,41,1
7,106,89,18,0,36.3,0.322,30,1
5,138,77,0,50,30.1,0.678,28,1
6,158,76,26,31,35.5,0.889,31,1
0,171,85,36,64,46.5,0.312,35,1
6,97,49,11,0,23.8,0.221,24,0
1,132,56,31,166,32.6,0.234,45,0
1,170,66,21,14,33.0,0.516,34,0
6,115,63,0,183,41.2,1.062,30,1
1,110,69,0,0,29.9,0.343,37,0
4,150,74,17,28,49.6,1.262,42,1
1,116,87,16,41,33.8,0.211,32,0
8,199,0,10,147,25.1,0.422,46,1
6,137,83,48,0,33.1,0.722,30,1
3,87,70,19,179,32.6,0.377,30,1
3,81,66,0,0,29.2,0.323,27,0
5,151,74,30,106,39.8,0.514,29,1
3,84,54,0,0,25.9,0.472,49,0
3,123,95,0,139,28.6,1.262,29,1
5,120,54,0,0,39.2,0.364,22,0
1,169,86,39,0,34.0,0.496,27,1
6,134,65,0,0,38.0,0.4,56,1
1,139,88,7,0,31.1,0.409,22,0
3,103,53,13,95,27.7,0.325,25,0
2,105,75,18,0,35.7,0.43,26,0
4,137,87,0,238,24.0,0.121,31,1
3,140,54,17,65,28.6,0.201,34,0
3,148,59,0,0,28.2,0.193,22,0
5,128,58,14,141,31.5,0.365,49,1
3,143,98,0,209,43.0,0.429,35,1
3,170,73,28,79,31.2,0.18,75,1
2,123,88,11,20,22.9,0.796,41,1
3,123,84,25,47,41.0,0.254,21,0
5,151,80,26,47,43.5,0.466,27,1
3,166,82,0,112,33.6,0.49,25,0
5,121,70,0,122,28.0,0.797,33,1
4,55,53,16,122,23.4,0.225,28,0
2,86,68,17,73,23.8,0.652,21,0
3,160,59,0,0,32.9,0.261,31,0
2,107,0,22,14,26.4,0.771,49,0
1,55,69,19,64,34.0,0.665,28,0
6,117,79,0,0,32.6,0.476,27,1
1,110,80,43,0,24.4,0.458,36,0
2,128,65,0,25,31.9,0.261,43,0
1,92,49,17,0,29.4,0.363,37,0
4,105,92,22,68,38.4,0.724,24,0
1,91,87,7,0,35.4,0.637,32,0
1,103,68,0,0,33.7,0.954,26,0
3,169,74,37,0,35.1,0.563,33,1
2,112,55,22,121,33.6,0.27,57,0
4,69,87,18,18,34.1,0.354,25,0
3,91,70,31,0,32.4,0.567,38,0
3,161,71,0,0,36.0,0.668,56,0
5,128,52,35,20,32.0,0.649,57,1
4,107,85,13,0,34.4,0.368,21,0
2,133,59,17,0,43.0,0.409,33,1
2,171,71,44,142,28.6,0.44,25,1
4,88,89,0,0,30.7,0.713,24,0
3,84,78,0,39,23.9,0.257,23,0
3,105,88,0,0,24.3,0.181,32,0
2,119,81,23,0,28.8,0.698,22,0
3,97,47,18,136,28.2,0.278,24,0
3,94,75,22,0,29.4,0.459,24,0
3,55,64,21,130,21.4,0.423,29,0
3,128,55,25,79,31.0,0.247,24,0
3,74,0,7,57,18.8,0.259,49,0
2,113,86,17,0,29.7,0.476,33,0
1,75,72,13,43,31.8,0.261,28,0
3,110,64,0,127,30.6,0.441,25,0
2,68,64,33,0,41.0,0.56,31,0
0,113,83,8,62,18.2,0.315,27,0
4,111,45,0,210,41.6,2.011,37,1
3,111,52,41,0,28.7,0.185,24,0
3,103,68,34,0,33.1,0.407,21,0
6,133,83,14,0,30.4,0.498,31,0
7,156,71,36,49,35.2,0.277,73,1
3,67,58,29,104,26.5,1.218,44,0
1,130,66,11,0,0.0,0.348,21,0
0,130,61,0,0,31.5,0.613,23,0
3,78,85,27,62,32.0,0.762,25,1
4,132,73,0,14,28.5,0.322,37,0
5,179,48,8,14,27.1,0.254,51,0
6,151,0,19,138,41.6,0.424,25,1
8,131,79,0,0,27.4,0.202,38,1
5,111,68,0,0,31.9,0.243,40,0
4,90,63,23,49,29.8,0.329,21,0
3,104,40,14,0,39.7,0.334,54,0
4,133,0,10,56,39.3,0.773,36,1
2,77,74,7,0,35.2,0.207,42,0
2,116,74,15,74,38.2,0.191,22,0
6,99,81,22,0,34.0,0.292,53,0
2,131,79,0,0,26.3,0.295,33,0
0,80,74,0,0,27.4,0.256,22,0
5,130,70,0,0,34.5,1.528,39,1
2,110,85,26,38,35.8,0.159,30,0
3,90,72,12,14,18.2,0.256,51,0
0,130,53,0,0,24.5,0.642,23,0
1,101,84,10,0,27.7,0.427,32,0
5,134,83,34,0,24.9,0.757,25,1
3,151,67,13,0,24.0,0.688,22,0
2,109,94,30,111,37.4,0.345,45,0
4,109,59,0,74,35.1,0.179,24,0
2,171,86,27,51,49.3,1.42,41,1
7,162,74,10,97,25.9,0.12,31,1
2,95,65,7,81,36.7,0.19,29,0
6,85,94,25,84,37.3,0.767,32,1
5,78,72,32,0,46.5,0.521,48,1
4,93,74,17,88,29.3,0.336,25,0
8,183,89,10,20,41.2,1.215,26,1
4,199,70,28,54,27.6,0.45,75,1
4,152,62,36,57,30.4,0.621,26,1
4,102,75,0,116,29.0,0.4,23,0
7,164,94,22,128,26.1,0.9,31,1
2,134,63,25,0,31.1,0.392,70,0
8,136,74,31,20,32.7,0.636,38,1
6,125,81,32,0,40.6,0.77,45,1
3,133,67,16,84,25.3,0.14,21,0
5,89,73,35,0,30.9,0.683,28,0
3,124,45,17,0,41.7,0.565,40,1
2,67,69,0,14,39.8,1.398,40,0
0,125,70,7,0,28.1,0.455,22,0
1,73,60,0,95,23.8,0.564,53,0
5,94,104,34,0,30.7,0.335,22,0
7,117,86,29,78,21.2,0.197,25,0
5,93,63,33,0,28.2,0.399,37,0
5,101,58,32,90,24.8,0.521,43,0
2,100,85,18,0,25.6,0.27,37,0
2,119,75,26,0,40.0,0.243,29,0
1,100,59,0,0,26.7,0.199,30,0
3,55,70,40,68,30.5,0.186,26,0
4,55,73,15,0,29.1,0.755,36,0
2,110,72,0,0,47.4,0.167,27,1
3,81,82,12,30,26.8,1.443,26,0
3,164,77,0,0,34.4,0.341,31,1
1,122,81,34,37,22.6,0.542,22,0
0,91,50,7,0,34.0,1.174,21,0
5,129,57,20,0,28.9,0.262,31,0
3,140,56,0,0,31.5,0.417,21,0
4,150,84,17,0,25.7,0.512,25,0
1,120,59,0,42,27.9,0.192,33,0
1,70,47,7,40,33.8,0.801,24,0
3,143,52,25,0,27.6,0.255,43,0
5,83,102,28,190,30.8,0.142,26,1
4,148,60,28,0,19.9,0.245,30,0
5,83,73,10,0,35.2,0.787,35,1
3,105,64,27,97,25.7,0.237,23,0
2,84,61,22,22,30.4,0.424,26,0
7,90,80,11,0,24.4,0.154,37,0
2,150,60,0,106,26.1,0.292,33,0
2,62,86,26,124,27.0,0.636,24,0
